,Product,Order_ID,Quantity,Price,COGS,Date
0,Shirt,ORD0,3,40,30,2025-02-28
1,Shirt,ORD6,2,40,30,2025-02-03
2,Shirt,ORD7,1,40,30,2025-02-13
3,Shirt,ORD13,1,40,30,2025-02-11
4,Shirt,ORD16,3,40,30,2025-02-26
5,Shirt,ORD17,1,40,30,2025-02-17
6,Shirt,ORD19,2,40,30,2025-02-19
7,Shirt,ORD20,3,40,30,2025-02-12
8,Shirt,ORD21,2,40,30,2025-02-17
9,Shirt,ORD22,1,40,30,2025-02-13
10,Shirt,ORD23,1,40,30,2025-02-05
11,Shirt,ORD25,2,40,30,2025-02-12
12,Shirt,ORD27,1,40,30,2025-02-23
13,Shirt,ORD28,2,40,30,2025-02-25
14,Shirt,ORD35,3,40,30,2025-02-03
15,Shirt,ORD39,2,40,30,2025-02-20
16,Shirt,ORD40,2,40,30,2025-02-07
17,Shirt,ORD42,2,40,30,2025-02-25
18,Shirt,ORD44,3,40,30,2025-02-14
19,Shirt,ORD45,2,40,30,2025-02-09
20,Shirt,ORD46,3,40,30,2025-02-22
21,Shirt,ORD47,3,40,30,2025-02-17
22,Shirt,ORD48,2,40,30,2025-02-02
23,Shirt,ORD49,3,40,30,2025-02-24
24,Shirt,ORD50,2,40,30,2025-02-14
25,Shirt,ORD51,1,40,30,2025-02-15
26,Shirt,ORD55,3,40,30,2025-02-14
27,Shirt,ORD56,1,40,30,2025-02-07
28,Shirt,ORD57,3,40,30,2025-02-21
29,Shirt,ORD58,3,40,30,2025-02-04
30,Shirt,ORD63,1,40,30,2025-02-15
31,Shirt,ORD64,2,40,30,2025-02-25
32,Shirt,ORD66,3,40,30,2025-02-18
33,Shirt,ORD69,2,40,30,2025-02-25
34,Shirt,ORD73,3,40,30,2025-02-01
35,Shirt,ORD78,3,40,30,2025-02-15
36,Shirt,ORD81,1,40,30,2025-02-07
37,Shirt,ORD84,1,40,30,2025-02-26
38,Shirt,ORD90,2,40,30,2025-02-18
39,Shirt,ORD91,2,40,30,2025-02-10
40,Shirt,ORD92,3,40,30,2025-02-27
41,Shirt,ORD95,3,40,30,2025-02-20
42,Shirt,ORD98,3,40,30,2025-02-03
43,Shirt,ORD99,2,40,30,2025-02-25
44,Shirt,ORD100,2,40,30,2025-02-06
45,Shirt,ORD102,1,40,30,2025-02-04
46,Shirt,ORD104,1,40,30,2025-02-28
47,Shirt,ORD106,1,40,30,2025-02-08
48,Shirt,ORD107,2,40,30,2025-02-18
49,Shirt,ORD109,3,40,30,2025-02-21
50,Shirt,ORD110,2,40,30,2025-02-11
51,Shirt,ORD111,1,40,30,2025-02-19
52,Shirt,ORD112,1,40,30,2025-02-07
53,Shirt,ORD116,3,40,30,2025-02-06
54,Shirt,ORD117,2,40,30,2025-02-04
55,Shirt,ORD118,1,40,30,2025-02-03
56,Shirt,ORD122,1,40,30,2025-02-04
57,Shirt,ORD125,2,40,30,2025-02-27
58,Shirt,ORD126,3,40,30,2025-02-23
59,Shirt,ORD129,2,40,30,2025-02-06
60,Shirt,ORD130,1,40,30,2025-02-01
61,Shirt,ORD131,1,40,30,2025-02-19
62,Shirt,ORD132,2,40,30,2025-02-09
63,Shirt,ORD133,2,40,30,2025-02-08
64,Shirt,ORD138,2,40,30,2025-02-16
65,Shirt,ORD139,3,40,30,2025-02-04
66,Shirt,ORD140,3,40,30,2025-02-13
67,Shirt,ORD141,2,40,30,2025-02-17
68,Shirt,ORD142,3,40,30,2025-02-16
69,Shirt,ORD143,3,40,30,2025-02-20
70,Shirt,ORD144,2,40,30,2025-02-10
71,Shirt,ORD145,3,40,30,2025-02-16
72,Shirt,ORD146,3,40,30,2025-02-05
73,Shirt,ORD147,2,40,30,2025-02-15
74,Shirt,ORD148,2,40,30,2025-02-07
75,Shirt,ORD151,2,40,30,2025-02-20
76,Shirt,ORD152,1,40,30,2025-02-12
77,Shirt,ORD153,2,40,30,2025-02-17
78,Shirt,ORD154,2,40,30,2025-02-28
79,Shirt,ORD156,2,40,30,2025-02-25
80,Shirt,ORD157,1,40,30,2025-02-05
81,Shirt,ORD162,3,40,30,2025-02-12
82,Shirt,ORD163,1,40,30,2025-02-16
83,Shirt,ORD164,1,40,30,2025-02-13
84,Shirt,ORD165,2,40,30,2025-02-22
85,Shirt,ORD170,2,40,30,2025-02-20
86,Shirt,ORD171,1,40,30,2025-02-07
87,Shirt,ORD175,1,40,30,2025-02-18
88,Shirt,ORD176,1,40,30,2025-02-05
89,Shirt,ORD181,1,40,30,2025-02-13
90,Shirt,ORD183,3,40,30,2025-02-23
91,Shirt,ORD189,2,40,30,2025-02-01
92,Shirt,ORD194,1,40,30,2025-02-19
93,Shirt,ORD197,3,40,30,2025-02-21
94,Shirt,ORD198,1,40,30,2025-02-05
95,Shirt,ORD200,3,40,30,2025-02-22
96,Shirt,ORD202,1,40,30,2025-02-03
97,Shirt,ORD206,2,40,30,2025-02-14
98,Shirt,ORD207,3,40,30,2025-02-11
99,Shirt,ORD210,2,40,30,2025-02-07
100,Shirt,ORD212,1,40,30,2025-02-01
101,Shirt,ORD213,2,40,30,2025-02-10
102,Shirt,ORD214,2,40,30,2025-02-05
103,Shirt,ORD218,2,40,30,2025-02-26
104,Shirt,ORD221,1,40,30,2025-02-02
105,Shirt,ORD223,2,40,30,2025-02-24
106,Shirt,ORD224,1,40,30,2025-02-19
107,Shirt,ORD225,2,40,30,2025-02-21
108,Shirt,ORD226,3,40,30,2025-02-24
109,Shirt,ORD229,1,40,30,2025-02-17
110,Shirt,ORD231,1,40,30,2025-02-24
111,Shirt,ORD236,3,40,30,2025-02-21
112,Shirt,ORD237,3,40,30,2025-02-10
113,Shirt,ORD240,1,40,30,2025-02-12
114,Shirt,ORD242,1,40,30,2025-02-05
115,Shirt,ORD243,2,40,30,2025-02-02
116,Shirt,ORD244,2,40,30,2025-02-12
117,Shirt,ORD246,2,40,30,2025-02-05
118,Shirt,ORD248,2,40,30,2025-02-24
119,Shirt,ORD249,3,40,30,2025-02-17
120,Shirt,ORD251,3,40,30,2025-02-27
121,Shirt,ORD252,2,40,30,2025-02-26
122,Shirt,ORD253,2,40,30,2025-02-06
123,Shirt,ORD254,3,40,30,2025-02-24
124,Shirt,ORD257,1,40,30,2025-02-25
125,Shirt,ORD258,1,40,30,2025-02-18
126,Shirt,ORD259,3,40,30,2025-02-08
127,Shirt,ORD260,3,40,30,2025-02-13
128,Shirt,ORD261,3,40,30,2025-02-09
129,Shirt,ORD263,3,40,30,2025-02-19
130,Shirt,ORD265,1,40,30,2025-02-28
131,Shirt,ORD267,1,40,30,2025-02-23
132,Shirt,ORD268,2,40,30,2025-02-10
133,Shirt,ORD271,3,40,30,2025-02-04
134,Shirt,ORD273,2,40,30,2025-02-21
135,Shirt,ORD277,3,40,30,2025-02-06
136,Shirt,ORD278,1,40,30,2025-02-11
137,Shirt,ORD279,2,40,30,2025-02-04
138,Shirt,ORD280,2,40,30,2025-02-06
139,Shirt,ORD283,1,40,30,2025-02-23
140,Shirt,ORD285,3,40,30,2025-02-02
141,Shirt,ORD286,1,40,30,2025-02-19
142,Shirt,ORD288,3,40,30,2025-02-17
143,Shirt,ORD290,2,40,30,2025-02-02
144,Shirt,ORD294,2,40,30,2025-02-06
145,Shirt,ORD295,3,40,30,2025-02-28
146,Shirt,ORD299,2,40,30,2025-02-08
147,Shirt,ORD300,3,40,30,2025-02-04
148,Shirt,ORD301,3,40,30,2025-02-06
149,Shirt,ORD302,3,40,30,2025-02-07
150,Shirt,ORD303,2,40,30,2025-02-01
151,Shirt,ORD305,1,40,30,2025-02-26
152,Shirt,ORD307,1,40,30,2025-02-12
153,Shirt,ORD309,2,40,30,2025-02-01
154,Shirt,ORD310,2,40,30,2025-02-14
155,Shirt,ORD314,2,40,30,2025-02-22
156,Shirt,ORD315,2,40,30,2025-02-23
157,Shirt,ORD318,2,40,30,2025-02-13
158,Shirt,ORD319,2,40,30,2025-02-09
159,Shirt,ORD321,3,40,30,2025-02-14
160,Shirt,ORD322,2,40,30,2025-02-01
161,Shirt,ORD327,1,40,30,2025-02-11
162,Shirt,ORD331,1,40,30,2025-02-03
163,Shirt,ORD332,3,40,30,2025-02-21
164,Shirt,ORD333,3,40,30,2025-02-28
165,Shirt,ORD334,2,40,30,2025-02-27
166,Shirt,ORD337,1,40,30,2025-02-11
167,Shirt,ORD338,1,40,30,2025-02-05
168,Shirt,ORD339,3,40,30,2025-02-19
169,Shirt,ORD341,1,40,30,2025-02-01
170,Shirt,ORD342,2,40,30,2025-02-02
171,Shirt,ORD345,2,40,30,2025-02-19
172,Shirt,ORD346,1,40,30,2025-02-26
173,Shirt,ORD348,3,40,30,2025-02-02
174,Shirt,ORD349,2,40,30,2025-02-13
175,Shirt,ORD351,3,40,30,2025-02-16
176,Shirt,ORD357,1,40,30,2025-02-22
177,Shirt,ORD359,3,40,30,2025-02-28
178,Shirt,ORD360,1,40,30,2025-02-20
179,Shirt,ORD361,1,40,30,2025-02-02
180,Shirt,ORD362,3,40,30,2025-02-20
181,Shirt,ORD363,3,40,30,2025-02-15
182,Shirt,ORD364,1,40,30,2025-02-11
183,Shirt,ORD367,3,40,30,2025-02-06
184,Shirt,ORD368,2,40,30,2025-02-01
185,Shirt,ORD370,3,40,30,2025-02-07
186,Shirt,ORD371,1,40,30,2025-02-14
187,Shirt,ORD372,1,40,30,2025-02-11
188,Shirt,ORD375,3,40,30,2025-02-22
189,Shirt,ORD376,3,40,30,2025-02-28
190,Shirt,ORD379,2,40,30,2025-02-08
191,Shirt,ORD382,1,40,30,2025-02-17
192,Shirt,ORD383,3,40,30,2025-02-24
193,Shirt,ORD385,3,40,30,2025-02-03
194,Shirt,ORD386,3,40,30,2025-02-22
195,Shirt,ORD389,2,40,30,2025-02-25
196,Shirt,ORD394,2,40,30,2025-02-21
197,Shirt,ORD398,3,40,30,2025-02-10
198,Shirt,ORD399,1,40,30,2025-02-17
199,Shirt,ORD401,2,40,30,2025-02-03
200,Shirt,ORD402,3,40,30,2025-02-07
201,Shirt,ORD404,1,40,30,2025-02-25
202,Shirt,ORD407,3,40,30,2025-02-01
203,Shirt,ORD408,1,40,30,2025-02-09
204,Shirt,ORD412,2,40,30,2025-02-26
205,Shirt,ORD414,1,40,30,2025-02-21
206,Shirt,ORD417,1,40,30,2025-02-27
207,Shirt,ORD419,1,40,30,2025-02-15
208,Shirt,ORD422,1,40,30,2025-02-06
209,Shirt,ORD423,2,40,30,2025-02-13
210,Shirt,ORD424,3,40,30,2025-02-13
211,Shirt,ORD429,3,40,30,2025-02-14
212,Shirt,ORD432,3,40,30,2025-02-23
213,Shirt,ORD434,1,40,30,2025-02-26
214,Shirt,ORD435,2,40,30,2025-02-19
215,Shirt,ORD436,1,40,30,2025-02-01
216,Shirt,ORD437,3,40,30,2025-02-23
217,Shirt,ORD438,2,40,30,2025-02-12
218,Shirt,ORD439,2,40,30,2025-02-23
219,Shirt,ORD441,1,40,30,2025-02-19
220,Shirt,ORD442,1,40,30,2025-02-16
221,Shirt,ORD444,2,40,30,2025-02-11
222,Shirt,ORD446,2,40,30,2025-02-13
223,Shirt,ORD449,1,40,30,2025-02-09
224,Shirt,ORD450,1,40,30,2025-02-07
225,Shirt,ORD453,2,40,30,2025-02-20
226,Shirt,ORD457,1,40,30,2025-02-10
227,Shirt,ORD458,1,40,30,2025-02-09
228,Shirt,ORD459,1,40,30,2025-02-17
229,Shirt,ORD463,2,40,30,2025-02-12
230,Shirt,ORD464,1,40,30,2025-02-16
231,Shirt,ORD465,2,40,30,2025-02-25
232,Shirt,ORD466,3,40,30,2025-02-06
233,Shirt,ORD468,1,40,30,2025-02-27
234,Shirt,ORD469,1,40,30,2025-02-17
235,Shirt,ORD472,1,40,30,2025-02-22
236,Shirt,ORD473,1,40,30,2025-02-08
237,Shirt,ORD474,3,40,30,2025-02-28
238,Shirt,ORD475,2,40,30,2025-02-06
239,Shirt,ORD476,2,40,30,2025-02-16
240,Shirt,ORD477,1,40,30,2025-02-20
241,Shirt,ORD479,2,40,30,2025-02-17
242,Shirt,ORD480,2,40,30,2025-02-14
243,Shirt,ORD481,1,40,30,2025-02-07
244,Shirt,ORD484,1,40,30,2025-02-06
245,Shirt,ORD485,2,40,30,2025-02-13
246,Shirt,ORD487,3,40,30,2025-02-07
247,Shirt,ORD488,1,40,30,2025-02-16
248,Shirt,ORD489,3,40,30,2025-02-21
249,Shirt,ORD491,2,40,30,2025-02-10
250,Shirt,ORD492,2,40,30,2025-02-15
251,Shirt,ORD493,3,40,30,2025-02-01
252,Shirt,ORD500,2,40,30,2025-02-10
253,Shirt,ORD504,3,40,30,2025-02-22
254,Shirt,ORD505,2,40,30,2025-02-16
255,Shirt,ORD507,2,40,30,2025-02-13
256,Shirt,ORD510,3,40,30,2025-02-20
257,Shirt,ORD512,2,40,30,2025-02-17
258,Shirt,ORD513,3,40,30,2025-02-09
259,Shirt,ORD514,1,40,30,2025-02-28
260,Shirt,ORD515,2,40,30,2025-02-17
261,Shirt,ORD516,1,40,30,2025-02-11
262,Shirt,ORD517,3,40,30,2025-02-20
263,Shirt,ORD518,1,40,30,2025-02-18
264,Shirt,ORD520,3,40,30,2025-02-05
265,Shirt,ORD522,2,40,30,2025-02-20
266,Shirt,ORD523,1,40,30,2025-02-24
267,Shirt,ORD524,2,40,30,2025-02-20
268,Shirt,ORD525,3,40,30,2025-02-21
269,Shirt,ORD530,3,40,30,2025-02-08
270,Shirt,ORD531,3,40,30,2025-02-28
271,Shirt,ORD532,3,40,30,2025-02-17
272,Shirt,ORD533,1,40,30,2025-02-01
273,Shirt,ORD536,1,40,30,2025-02-28
274,Shirt,ORD537,2,40,30,2025-02-18
275,Shirt,ORD538,3,40,30,2025-02-14
276,Shirt,ORD542,3,40,30,2025-02-26
277,Shirt,ORD544,3,40,30,2025-02-25
278,Shirt,ORD545,2,40,30,2025-02-17
279,Shirt,ORD548,3,40,30,2025-02-19
280,Shirt,ORD549,1,40,30,2025-02-19
281,Shirt,ORD550,2,40,30,2025-02-04
282,Shirt,ORD551,3,40,30,2025-02-11
283,Shirt,ORD552,2,40,30,2025-02-01
284,Shirt,ORD553,2,40,30,2025-02-10
285,Shirt,ORD555,3,40,30,2025-02-07
286,Shirt,ORD557,3,40,30,2025-02-02
287,Shirt,ORD558,3,40,30,2025-02-24
288,Shirt,ORD560,3,40,30,2025-02-25
289,Shirt,ORD562,3,40,30,2025-02-06
290,Shirt,ORD563,3,40,30,2025-02-13
291,Shirt,ORD567,2,40,30,2025-02-15
292,Shirt,ORD568,1,40,30,2025-02-10
293,Shirt,ORD570,1,40,30,2025-02-21
294,Shirt,ORD571,1,40,30,2025-02-16
295,Shirt,ORD572,2,40,30,2025-02-19
296,Shirt,ORD573,1,40,30,2025-02-17
297,Shirt,ORD577,1,40,30,2025-02-06
298,Shirt,ORD579,2,40,30,2025-02-15
299,Shirt,ORD581,3,40,30,2025-02-07
300,Shirt,ORD584,3,40,30,2025-02-28
301,Shirt,ORD585,3,40,30,2025-02-22
302,Shirt,ORD587,2,40,30,2025-02-16
303,Shirt,ORD589,1,40,30,2025-02-08
304,Shirt,ORD591,1,40,30,2025-02-09
305,Shirt,ORD592,2,40,30,2025-02-06
306,Shirt,ORD597,3,40,30,2025-02-05
307,Shirt,ORD598,1,40,30,2025-02-10
308,Shirt,ORD600,3,40,30,2025-02-20
309,Shirt,ORD601,1,40,30,2025-02-12
310,Shirt,ORD603,3,40,30,2025-02-19
311,Shirt,ORD605,3,40,30,2025-02-16
312,Shirt,ORD609,3,40,30,2025-02-05
313,Shirt,ORD614,3,40,30,2025-02-05
314,Shirt,ORD618,1,40,30,2025-02-12
315,Shirt,ORD620,2,40,30,2025-02-13
316,Shirt,ORD624,2,40,30,2025-02-02
317,Shirt,ORD625,1,40,30,2025-02-04
318,Shirt,ORD627,1,40,30,2025-02-13
319,Shirt,ORD629,3,40,30,2025-02-12
320,Shirt,ORD632,2,40,30,2025-02-22
321,Shirt,ORD636,3,40,30,2025-02-20
322,Shirt,ORD637,1,40,30,2025-02-20
323,Shirt,ORD638,1,40,30,2025-02-23
324,Shirt,ORD639,3,40,30,2025-02-12
325,Shirt,ORD640,2,40,30,2025-02-11
326,Shirt,ORD642,1,40,30,2025-02-19
327,Shirt,ORD644,1,40,30,2025-02-28
328,Shirt,ORD646,3,40,30,2025-02-16
329,Shirt,ORD648,3,40,30,2025-02-11
330,Shirt,ORD649,3,40,30,2025-02-17
331,Shirt,ORD650,1,40,30,2025-02-20
332,Shirt,ORD652,2,40,30,2025-02-04
333,Shirt,ORD654,2,40,30,2025-02-17
334,Shirt,ORD655,1,40,30,2025-02-17
335,Shirt,ORD656,2,40,30,2025-02-05
336,Shirt,ORD657,3,40,30,2025-02-07
337,Shirt,ORD660,2,40,30,2025-02-25
338,Shirt,ORD661,2,40,30,2025-02-13
339,Shirt,ORD662,1,40,30,2025-02-11
340,Shirt,ORD663,1,40,30,2025-02-27
341,Shirt,ORD666,1,40,30,2025-02-17
342,Shirt,ORD668,2,40,30,2025-02-21
343,Shirt,ORD669,1,40,30,2025-02-21
344,Shirt,ORD671,2,40,30,2025-02-16
345,Shirt,ORD674,3,40,30,2025-02-06
346,Shirt,ORD675,2,40,30,2025-02-08
347,Shirt,ORD679,3,40,30,2025-02-25
348,Shirt,ORD680,2,40,30,2025-02-11
349,Shirt,ORD682,2,40,30,2025-02-06
350,Shirt,ORD684,3,40,30,2025-02-19
351,Shirt,ORD688,3,40,30,2025-02-28
352,Shirt,ORD689,3,40,30,2025-02-07
353,Shirt,ORD690,3,40,30,2025-02-02
354,Shirt,ORD691,1,40,30,2025-02-19
355,Shirt,ORD693,1,40,30,2025-02-03
356,Shirt,ORD694,2,40,30,2025-02-06
357,Shirt,ORD695,2,40,30,2025-02-14
358,Shirt,ORD697,1,40,30,2025-02-22
359,Shirt,ORD699,1,40,30,2025-02-01
360,Shirt,ORD700,1,40,30,2025-02-19
361,Shirt,ORD701,3,40,30,2025-02-21
362,Shirt,ORD702,1,40,30,2025-02-28
363,Shirt,ORD704,1,40,30,2025-02-15
364,Shirt,ORD705,1,40,30,2025-02-20
365,Shirt,ORD707,1,40,30,2025-02-17
366,Shirt,ORD708,2,40,30,2025-02-12
367,Shirt,ORD710,3,40,30,2025-02-08
368,Shirt,ORD711,3,40,30,2025-02-04
369,Shirt,ORD712,2,40,30,2025-02-16
370,Shirt,ORD714,2,40,30,2025-02-04
371,Shirt,ORD715,3,40,30,2025-02-23
372,Shirt,ORD717,1,40,30,2025-02-27
373,Shirt,ORD718,3,40,30,2025-02-14
374,Shirt,ORD720,1,40,30,2025-02-25
375,Shirt,ORD723,1,40,30,2025-02-23
376,Shirt,ORD726,1,40,30,2025-02-25
377,Shirt,ORD727,3,40,30,2025-02-14
378,Shirt,ORD729,1,40,30,2025-02-03
379,Shirt,ORD730,2,40,30,2025-02-20
380,Shirt,ORD731,2,40,30,2025-02-01
381,Shirt,ORD733,3,40,30,2025-02-06
382,Shirt,ORD734,2,40,30,2025-02-15
383,Shirt,ORD735,3,40,30,2025-02-13
384,Shirt,ORD738,2,40,30,2025-02-27
385,Shirt,ORD743,2,40,30,2025-02-17
386,Shirt,ORD745,2,40,30,2025-02-21
387,Shirt,ORD747,1,40,30,2025-02-10
388,Shirt,ORD748,1,40,30,2025-02-18
389,Shirt,ORD749,2,40,30,2025-02-21
390,Shirt,ORD750,2,40,30,2025-02-25
391,Shirt,ORD751,2,40,30,2025-02-23
392,Shirt,ORD752,1,40,30,2025-02-15
393,Shirt,ORD754,2,40,30,2025-02-11
394,Shirt,ORD755,1,40,30,2025-02-11
395,Shirt,ORD758,2,40,30,2025-02-26
396,Shirt,ORD760,1,40,30,2025-02-19
397,Shirt,ORD761,3,40,30,2025-02-14
398,Shirt,ORD763,2,40,30,2025-02-19
399,Shirt,ORD765,1,40,30,2025-02-14
400,Shirt,ORD768,2,40,30,2025-02-01
401,Shirt,ORD769,1,40,30,2025-02-16
402,Shirt,ORD770,2,40,30,2025-02-19
403,Shirt,ORD771,1,40,30,2025-02-18
404,Shirt,ORD772,2,40,30,2025-02-05
405,Shirt,ORD773,1,40,30,2025-02-28
406,Shirt,ORD774,3,40,30,2025-02-06
407,Shirt,ORD775,1,40,30,2025-02-08
408,Shirt,ORD776,1,40,30,2025-02-14
409,Shirt,ORD779,3,40,30,2025-02-20
410,Shirt,ORD780,3,40,30,2025-02-17
411,Shirt,ORD781,2,40,30,2025-02-06
412,Shirt,ORD782,2,40,30,2025-02-19
413,Shirt,ORD784,2,40,30,2025-02-28
414,Shirt,ORD786,2,40,30,2025-02-11
415,Shirt,ORD790,2,40,30,2025-02-15
416,Shirt,ORD791,1,40,30,2025-02-08
417,Shirt,ORD792,2,40,30,2025-02-27
418,Shirt,ORD793,3,40,30,2025-02-20
419,Shirt,ORD795,1,40,30,2025-02-16
420,Shirt,ORD797,3,40,30,2025-02-23
421,Shirt,ORD799,2,40,30,2025-02-10
422,Shirt,ORD802,2,40,30,2025-02-15
423,Shirt,ORD803,1,40,30,2025-02-16
424,Shirt,ORD804,3,40,30,2025-02-17
425,Shirt,ORD805,3,40,30,2025-02-26
426,Shirt,ORD807,1,40,30,2025-02-14
427,Shirt,ORD808,1,40,30,2025-02-14
428,Shirt,ORD810,3,40,30,2025-02-17
429,Shirt,ORD811,1,40,30,2025-02-22
430,Shirt,ORD814,1,40,30,2025-02-08
431,Shirt,ORD818,3,40,30,2025-02-22
432,Shirt,ORD819,2,40,30,2025-02-02
433,Shirt,ORD820,2,40,30,2025-02-27
434,Shirt,ORD821,3,40,30,2025-02-20
435,Shirt,ORD822,2,40,30,2025-02-07
436,Shirt,ORD824,2,40,30,2025-02-19
437,Shirt,ORD825,2,40,30,2025-02-04
438,Shirt,ORD826,2,40,30,2025-02-27
439,Shirt,ORD832,3,40,30,2025-02-23
440,Shirt,ORD836,3,40,30,2025-02-10
441,Shirt,ORD838,1,40,30,2025-02-26
442,Shirt,ORD840,3,40,30,2025-02-25
443,Shirt,ORD842,1,40,30,2025-02-13
444,Shirt,ORD843,1,40,30,2025-02-21
445,Shirt,ORD847,3,40,30,2025-02-27
446,Shirt,ORD850,3,40,30,2025-02-12
447,Shirt,ORD851,1,40,30,2025-02-19
448,Shirt,ORD852,3,40,30,2025-02-04
449,Shirt,ORD854,1,40,30,2025-02-25
450,Shirt,ORD856,3,40,30,2025-02-15
451,Shirt,ORD857,1,40,30,2025-02-19
452,Shirt,ORD858,2,40,30,2025-02-07
453,Shirt,ORD861,2,40,30,2025-02-20
454,Shirt,ORD865,2,40,30,2025-02-19
455,Shirt,ORD868,1,40,30,2025-02-07
456,Shirt,ORD869,1,40,30,2025-02-17
457,Shirt,ORD870,1,40,30,2025-02-27
458,Shirt,ORD872,1,40,30,2025-02-16
459,Shirt,ORD873,3,40,30,2025-02-25
460,Shirt,ORD875,2,40,30,2025-02-20
461,Shirt,ORD876,2,40,30,2025-02-28
462,Shirt,ORD877,2,40,30,2025-02-06
463,Shirt,ORD879,1,40,30,2025-02-06
464,Shirt,ORD880,2,40,30,2025-02-18
465,Shirt,ORD882,3,40,30,2025-02-27
466,Shirt,ORD887,1,40,30,2025-02-14
467,Shirt,ORD890,2,40,30,2025-02-18
468,Shirt,ORD893,2,40,30,2025-02-15
469,Shirt,ORD894,1,40,30,2025-02-13
470,Shirt,ORD895,2,40,30,2025-02-16
471,Shirt,ORD901,3,40,30,2025-02-03
472,Shirt,ORD902,2,40,30,2025-02-05
473,Shirt,ORD906,1,40,30,2025-02-03
474,Shirt,ORD907,2,40,30,2025-02-05
475,Shirt,ORD908,2,40,30,2025-02-23
476,Shirt,ORD909,3,40,30,2025-02-23
477,Shirt,ORD910,2,40,30,2025-02-10
478,Shirt,ORD913,3,40,30,2025-02-25
479,Shirt,ORD914,3,40,30,2025-02-11
480,Shirt,ORD915,2,40,30,2025-02-19
481,Shirt,ORD916,3,40,30,2025-02-27
482,Shirt,ORD922,1,40,30,2025-02-20
483,Shirt,ORD926,1,40,30,2025-02-02
484,Shirt,ORD934,1,40,30,2025-02-24
485,Shirt,ORD936,1,40,30,2025-02-13
486,Shirt,ORD937,1,40,30,2025-02-17
487,Shirt,ORD940,1,40,30,2025-02-17
488,Shirt,ORD943,2,40,30,2025-02-15
489,Shirt,ORD944,3,40,30,2025-02-09
490,Shirt,ORD945,2,40,30,2025-02-23
491,Shirt,ORD950,2,40,30,2025-02-03
492,Shirt,ORD952,3,40,30,2025-02-05
493,Shirt,ORD953,2,40,30,2025-02-21
494,Shirt,ORD955,2,40,30,2025-02-04
495,Shirt,ORD956,3,40,30,2025-02-16
496,Shirt,ORD957,1,40,30,2025-02-27
497,Shirt,ORD961,2,40,30,2025-02-02
498,Shirt,ORD962,1,40,30,2025-02-14
499,Shirt,ORD964,1,40,30,2025-02-09
500,Shirt,ORD965,2,40,30,2025-02-05
501,Shirt,ORD966,2,40,30,2025-02-21
502,Shirt,ORD968,3,40,30,2025-02-08
503,Shirt,ORD971,2,40,30,2025-02-04
504,Shirt,ORD973,3,40,30,2025-02-16
505,Shirt,ORD974,3,40,30,2025-02-12
506,Shirt,ORD975,1,40,30,2025-02-22
507,Shirt,ORD979,1,40,30,2025-02-21
508,Shirt,ORD981,3,40,30,2025-02-06
509,Shirt,ORD985,3,40,30,2025-02-02
510,Shirt,ORD986,1,40,30,2025-02-12
511,Shirt,ORD987,2,40,30,2025-02-06
512,Shirt,ORD990,3,40,30,2025-02-27
513,Shirt,ORD991,3,40,30,2025-02-07
514,Shirt,ORD993,3,40,30,2025-02-09
515,Shirt,ORD995,1,40,30,2025-02-04
516,Shirt,ORD996,2,40,30,2025-02-05
517,Shirt,ORD997,3,40,30,2025-02-01
518,Jeans,ORD2,2,90,50,2025-02-01
519,Jeans,ORD6,3,90,50,2025-02-03
520,Jeans,ORD8,3,90,50,2025-02-28
521,Jeans,ORD11,3,90,50,2025-02-02
522,Jeans,ORD12,1,90,50,2025-02-12
523,Jeans,ORD14,3,90,50,2025-02-16
524,Jeans,ORD15,1,90,50,2025-02-06
525,Jeans,ORD18,3,90,50,2025-02-27
526,Jeans,ORD19,3,90,50,2025-02-19
527,Jeans,ORD21,3,90,50,2025-02-17
528,Jeans,ORD25,3,90,50,2025-02-12
529,Jeans,ORD28,3,90,50,2025-02-25
530,Jeans,ORD32,3,90,50,2025-02-03
531,Jeans,ORD33,1,90,50,2025-02-01
532,Jeans,ORD35,3,90,50,2025-02-03
533,Jeans,ORD37,2,90,50,2025-02-21
534,Jeans,ORD39,3,90,50,2025-02-20
535,Jeans,ORD40,1,90,50,2025-02-07
536,Jeans,ORD41,2,90,50,2025-02-02
537,Jeans,ORD42,2,90,50,2025-02-25
538,Jeans,ORD44,3,90,50,2025-02-14
539,Jeans,ORD46,3,90,50,2025-02-22
540,Jeans,ORD49,1,90,50,2025-02-24
541,Jeans,ORD50,3,90,50,2025-02-14
542,Jeans,ORD51,3,90,50,2025-02-15
543,Jeans,ORD57,1,90,50,2025-02-21
544,Jeans,ORD60,3,90,50,2025-02-17
545,Jeans,ORD61,1,90,50,2025-02-15
546,Jeans,ORD62,1,90,50,2025-02-26
547,Jeans,ORD63,3,90,50,2025-02-15
548,Jeans,ORD66,1,90,50,2025-02-18
549,Jeans,ORD68,3,90,50,2025-02-21
550,Jeans,ORD71,3,90,50,2025-02-18
551,Jeans,ORD72,1,90,50,2025-02-02
552,Jeans,ORD73,2,90,50,2025-02-01
553,Jeans,ORD75,3,90,50,2025-02-26
554,Jeans,ORD76,1,90,50,2025-02-14
555,Jeans,ORD77,2,90,50,2025-02-24
556,Jeans,ORD78,1,90,50,2025-02-15
557,Jeans,ORD80,3,90,50,2025-02-06
558,Jeans,ORD83,3,90,50,2025-02-11
559,Jeans,ORD84,2,90,50,2025-02-26
560,Jeans,ORD85,1,90,50,2025-02-19
561,Jeans,ORD86,1,90,50,2025-02-22
562,Jeans,ORD89,1,90,50,2025-02-12
563,Jeans,ORD90,3,90,50,2025-02-18
564,Jeans,ORD91,3,90,50,2025-02-10
565,Jeans,ORD92,1,90,50,2025-02-27
566,Jeans,ORD94,3,90,50,2025-02-25
567,Jeans,ORD96,2,90,50,2025-02-04
568,Jeans,ORD98,1,90,50,2025-02-03
569,Jeans,ORD99,3,90,50,2025-02-25
570,Jeans,ORD100,1,90,50,2025-02-06
571,Jeans,ORD101,2,90,50,2025-02-11
572,Jeans,ORD102,1,90,50,2025-02-04
573,Jeans,ORD105,2,90,50,2025-02-16
574,Jeans,ORD106,2,90,50,2025-02-08
575,Jeans,ORD107,1,90,50,2025-02-18
576,Jeans,ORD108,3,90,50,2025-02-09
577,Jeans,ORD109,1,90,50,2025-02-21
578,Jeans,ORD110,1,90,50,2025-02-11
579,Jeans,ORD111,2,90,50,2025-02-19
580,Jeans,ORD112,2,90,50,2025-02-07
581,Jeans,ORD113,1,90,50,2025-02-23
582,Jeans,ORD114,1,90,50,2025-02-19
583,Jeans,ORD115,2,90,50,2025-02-12
584,Jeans,ORD116,3,90,50,2025-02-06
585,Jeans,ORD117,2,90,50,2025-02-04
586,Jeans,ORD122,2,90,50,2025-02-04
587,Jeans,ORD123,2,90,50,2025-02-07
588,Jeans,ORD124,1,90,50,2025-02-24
589,Jeans,ORD125,1,90,50,2025-02-27
590,Jeans,ORD126,1,90,50,2025-02-23
591,Jeans,ORD127,1,90,50,2025-02-01
592,Jeans,ORD129,1,90,50,2025-02-06
593,Jeans,ORD130,1,90,50,2025-02-01
594,Jeans,ORD131,3,90,50,2025-02-19
595,Jeans,ORD133,1,90,50,2025-02-08
596,Jeans,ORD134,2,90,50,2025-02-25
597,Jeans,ORD136,3,90,50,2025-02-19
598,Jeans,ORD138,3,90,50,2025-02-16
599,Jeans,ORD139,3,90,50,2025-02-04
600,Jeans,ORD140,3,90,50,2025-02-13
601,Jeans,ORD141,2,90,50,2025-02-17
602,Jeans,ORD142,1,90,50,2025-02-16
603,Jeans,ORD143,2,90,50,2025-02-20
604,Jeans,ORD144,2,90,50,2025-02-10
605,Jeans,ORD148,3,90,50,2025-02-07
606,Jeans,ORD149,3,90,50,2025-02-13
607,Jeans,ORD150,3,90,50,2025-02-21
608,Jeans,ORD152,3,90,50,2025-02-12
609,Jeans,ORD153,3,90,50,2025-02-17
610,Jeans,ORD154,3,90,50,2025-02-28
611,Jeans,ORD156,1,90,50,2025-02-25
612,Jeans,ORD157,1,90,50,2025-02-05
613,Jeans,ORD158,1,90,50,2025-02-27
614,Jeans,ORD162,3,90,50,2025-02-12
615,Jeans,ORD163,2,90,50,2025-02-16
616,Jeans,ORD164,1,90,50,2025-02-13
617,Jeans,ORD165,3,90,50,2025-02-22
618,Jeans,ORD167,3,90,50,2025-02-02
619,Jeans,ORD168,3,90,50,2025-02-21
620,Jeans,ORD171,2,90,50,2025-02-07
621,Jeans,ORD174,3,90,50,2025-02-27
622,Jeans,ORD175,1,90,50,2025-02-18
623,Jeans,ORD176,1,90,50,2025-02-05
624,Jeans,ORD177,2,90,50,2025-02-28
625,Jeans,ORD179,3,90,50,2025-02-17
626,Jeans,ORD181,2,90,50,2025-02-13
627,Jeans,ORD182,1,90,50,2025-02-13
628,Jeans,ORD183,2,90,50,2025-02-23
629,Jeans,ORD185,3,90,50,2025-02-24
630,Jeans,ORD186,3,90,50,2025-02-16
631,Jeans,ORD187,2,90,50,2025-02-28
632,Jeans,ORD189,3,90,50,2025-02-01
633,Jeans,ORD191,1,90,50,2025-02-10
634,Jeans,ORD192,3,90,50,2025-02-28
635,Jeans,ORD193,1,90,50,2025-02-11
636,Jeans,ORD194,2,90,50,2025-02-19
637,Jeans,ORD195,1,90,50,2025-02-27
638,Jeans,ORD196,3,90,50,2025-02-11
639,Jeans,ORD198,1,90,50,2025-02-05
640,Jeans,ORD200,1,90,50,2025-02-22
641,Jeans,ORD203,2,90,50,2025-02-24
642,Jeans,ORD204,1,90,50,2025-02-19
643,Jeans,ORD206,3,90,50,2025-02-14
644,Jeans,ORD207,3,90,50,2025-02-11
645,Jeans,ORD214,2,90,50,2025-02-05
646,Jeans,ORD218,3,90,50,2025-02-26
647,Jeans,ORD219,3,90,50,2025-02-13
648,Jeans,ORD224,3,90,50,2025-02-19
649,Jeans,ORD225,2,90,50,2025-02-21
650,Jeans,ORD227,3,90,50,2025-02-18
651,Jeans,ORD228,3,90,50,2025-02-13
652,Jeans,ORD230,3,90,50,2025-02-23
653,Jeans,ORD231,1,90,50,2025-02-24
654,Jeans,ORD235,1,90,50,2025-02-14
655,Jeans,ORD236,2,90,50,2025-02-21
656,Jeans,ORD238,1,90,50,2025-02-11
657,Jeans,ORD239,1,90,50,2025-02-25
658,Jeans,ORD241,1,90,50,2025-02-28
659,Jeans,ORD245,2,90,50,2025-02-07
660,Jeans,ORD248,2,90,50,2025-02-24
661,Jeans,ORD251,3,90,50,2025-02-27
662,Jeans,ORD252,1,90,50,2025-02-26
663,Jeans,ORD253,3,90,50,2025-02-06
664,Jeans,ORD255,2,90,50,2025-02-15
665,Jeans,ORD258,2,90,50,2025-02-18
666,Jeans,ORD259,3,90,50,2025-02-08
667,Jeans,ORD264,2,90,50,2025-02-15
668,Jeans,ORD265,2,90,50,2025-02-28
669,Jeans,ORD266,2,90,50,2025-02-15
670,Jeans,ORD267,3,90,50,2025-02-23
671,Jeans,ORD268,1,90,50,2025-02-10
672,Jeans,ORD269,1,90,50,2025-02-06
673,Jeans,ORD274,3,90,50,2025-02-01
674,Jeans,ORD275,3,90,50,2025-02-11
675,Jeans,ORD277,3,90,50,2025-02-06
676,Jeans,ORD278,2,90,50,2025-02-11
677,Jeans,ORD279,1,90,50,2025-02-04
678,Jeans,ORD281,1,90,50,2025-02-24
679,Jeans,ORD282,3,90,50,2025-02-25
680,Jeans,ORD283,1,90,50,2025-02-23
681,Jeans,ORD287,1,90,50,2025-02-23
682,Jeans,ORD288,3,90,50,2025-02-17
683,Jeans,ORD290,3,90,50,2025-02-02
684,Jeans,ORD292,1,90,50,2025-02-16
685,Jeans,ORD293,3,90,50,2025-02-03
686,Jeans,ORD295,3,90,50,2025-02-28
687,Jeans,ORD298,3,90,50,2025-02-20
688,Jeans,ORD300,3,90,50,2025-02-04
689,Jeans,ORD303,1,90,50,2025-02-01
690,Jeans,ORD304,2,90,50,2025-02-20
691,Jeans,ORD305,2,90,50,2025-02-26
692,Jeans,ORD308,3,90,50,2025-02-13
693,Jeans,ORD311,1,90,50,2025-02-14
694,Jeans,ORD313,2,90,50,2025-02-10
695,Jeans,ORD314,2,90,50,2025-02-22
696,Jeans,ORD317,3,90,50,2025-02-05
697,Jeans,ORD318,1,90,50,2025-02-13
698,Jeans,ORD321,2,90,50,2025-02-14
699,Jeans,ORD324,2,90,50,2025-02-13
700,Jeans,ORD325,2,90,50,2025-02-19
701,Jeans,ORD329,1,90,50,2025-02-04
702,Jeans,ORD330,3,90,50,2025-02-16
703,Jeans,ORD331,3,90,50,2025-02-03
704,Jeans,ORD333,1,90,50,2025-02-28
705,Jeans,ORD335,1,90,50,2025-02-26
706,Jeans,ORD336,2,90,50,2025-02-11
707,Jeans,ORD338,2,90,50,2025-02-05
708,Jeans,ORD339,1,90,50,2025-02-19
709,Jeans,ORD340,1,90,50,2025-02-17
710,Jeans,ORD341,1,90,50,2025-02-01
711,Jeans,ORD344,3,90,50,2025-02-22
712,Jeans,ORD346,3,90,50,2025-02-26
713,Jeans,ORD347,3,90,50,2025-02-05
714,Jeans,ORD348,1,90,50,2025-02-02
715,Jeans,ORD350,1,90,50,2025-02-02
716,Jeans,ORD351,3,90,50,2025-02-16
717,Jeans,ORD353,1,90,50,2025-02-07
718,Jeans,ORD354,2,90,50,2025-02-21
719,Jeans,ORD355,1,90,50,2025-02-08
720,Jeans,ORD356,3,90,50,2025-02-08
721,Jeans,ORD358,3,90,50,2025-02-03
722,Jeans,ORD359,2,90,50,2025-02-28
723,Jeans,ORD360,2,90,50,2025-02-20
724,Jeans,ORD365,2,90,50,2025-02-08
725,Jeans,ORD366,3,90,50,2025-02-03
726,Jeans,ORD367,2,90,50,2025-02-06
727,Jeans,ORD368,3,90,50,2025-02-01
728,Jeans,ORD370,3,90,50,2025-02-07
729,Jeans,ORD371,1,90,50,2025-02-14
730,Jeans,ORD373,2,90,50,2025-02-11
731,Jeans,ORD377,3,90,50,2025-02-27
732,Jeans,ORD378,1,90,50,2025-02-10
733,Jeans,ORD379,3,90,50,2025-02-08
734,Jeans,ORD382,2,90,50,2025-02-17
735,Jeans,ORD385,3,90,50,2025-02-03
736,Jeans,ORD387,2,90,50,2025-02-11
737,Jeans,ORD389,3,90,50,2025-02-25
738,Jeans,ORD390,3,90,50,2025-02-28
739,Jeans,ORD391,3,90,50,2025-02-09
740,Jeans,ORD394,1,90,50,2025-02-21
741,Jeans,ORD396,1,90,50,2025-02-03
742,Jeans,ORD398,2,90,50,2025-02-10
743,Jeans,ORD399,3,90,50,2025-02-17
744,Jeans,ORD401,2,90,50,2025-02-03
745,Jeans,ORD403,3,90,50,2025-02-10
746,Jeans,ORD404,3,90,50,2025-02-25
747,Jeans,ORD406,2,90,50,2025-02-09
748,Jeans,ORD409,2,90,50,2025-02-06
749,Jeans,ORD410,2,90,50,2025-02-11
750,Jeans,ORD411,1,90,50,2025-02-16
751,Jeans,ORD413,3,90,50,2025-02-22
752,Jeans,ORD415,1,90,50,2025-02-28
753,Jeans,ORD417,1,90,50,2025-02-27
754,Jeans,ORD418,2,90,50,2025-02-07
755,Jeans,ORD419,2,90,50,2025-02-15
756,Jeans,ORD421,2,90,50,2025-02-12
757,Jeans,ORD422,1,90,50,2025-02-06
758,Jeans,ORD423,2,90,50,2025-02-13
759,Jeans,ORD424,3,90,50,2025-02-13
760,Jeans,ORD428,2,90,50,2025-02-26
761,Jeans,ORD429,3,90,50,2025-02-14
762,Jeans,ORD431,2,90,50,2025-02-18
763,Jeans,ORD432,3,90,50,2025-02-23
764,Jeans,ORD433,3,90,50,2025-02-10
765,Jeans,ORD434,2,90,50,2025-02-26
766,Jeans,ORD436,2,90,50,2025-02-01
767,Jeans,ORD438,3,90,50,2025-02-12
768,Jeans,ORD439,2,90,50,2025-02-23
769,Jeans,ORD440,1,90,50,2025-02-23
770,Jeans,ORD444,1,90,50,2025-02-11
771,Jeans,ORD447,2,90,50,2025-02-25
772,Jeans,ORD448,2,90,50,2025-02-20
773,Jeans,ORD454,3,90,50,2025-02-05
774,Jeans,ORD455,2,90,50,2025-02-25
775,Jeans,ORD457,3,90,50,2025-02-10
776,Jeans,ORD461,1,90,50,2025-02-20
777,Jeans,ORD463,2,90,50,2025-02-12
778,Jeans,ORD464,3,90,50,2025-02-16
779,Jeans,ORD467,3,90,50,2025-02-15
780,Jeans,ORD469,3,90,50,2025-02-17
781,Jeans,ORD473,1,90,50,2025-02-08
782,Jeans,ORD474,2,90,50,2025-02-28
783,Jeans,ORD475,3,90,50,2025-02-06
784,Jeans,ORD479,2,90,50,2025-02-17
785,Jeans,ORD481,1,90,50,2025-02-07
786,Jeans,ORD487,1,90,50,2025-02-07
787,Jeans,ORD488,3,90,50,2025-02-16
788,Jeans,ORD490,2,90,50,2025-02-06
789,Jeans,ORD496,3,90,50,2025-02-15
790,Jeans,ORD497,1,90,50,2025-02-15
791,Jeans,ORD500,1,90,50,2025-02-10
792,Jeans,ORD501,3,90,50,2025-02-22
793,Jeans,ORD502,3,90,50,2025-02-05
794,Jeans,ORD503,1,90,50,2025-02-05
795,Jeans,ORD505,3,90,50,2025-02-16
796,Jeans,ORD510,3,90,50,2025-02-20
797,Jeans,ORD511,3,90,50,2025-02-19
798,Jeans,ORD512,1,90,50,2025-02-17
799,Jeans,ORD514,2,90,50,2025-02-28
800,Jeans,ORD516,3,90,50,2025-02-11
801,Jeans,ORD517,3,90,50,2025-02-20
802,Jeans,ORD523,2,90,50,2025-02-24
803,Jeans,ORD525,2,90,50,2025-02-21
804,Jeans,ORD526,1,90,50,2025-02-05
805,Jeans,ORD529,1,90,50,2025-02-13
806,Jeans,ORD530,1,90,50,2025-02-08
807,Jeans,ORD531,3,90,50,2025-02-28
808,Jeans,ORD532,3,90,50,2025-02-17
809,Jeans,ORD536,1,90,50,2025-02-28
810,Jeans,ORD542,2,90,50,2025-02-26
811,Jeans,ORD546,1,90,50,2025-02-07
812,Jeans,ORD547,2,90,50,2025-02-09
813,Jeans,ORD548,3,90,50,2025-02-19
814,Jeans,ORD549,3,90,50,2025-02-19
815,Jeans,ORD550,1,90,50,2025-02-04
816,Jeans,ORD551,1,90,50,2025-02-11
817,Jeans,ORD553,3,90,50,2025-02-10
818,Jeans,ORD554,2,90,50,2025-02-25
819,Jeans,ORD556,3,90,50,2025-02-13
820,Jeans,ORD558,1,90,50,2025-02-24
821,Jeans,ORD561,3,90,50,2025-02-27
822,Jeans,ORD562,2,90,50,2025-02-06
823,Jeans,ORD563,2,90,50,2025-02-13
824,Jeans,ORD565,1,90,50,2025-02-06
825,Jeans,ORD566,2,90,50,2025-02-20
826,Jeans,ORD569,2,90,50,2025-02-04
827,Jeans,ORD571,3,90,50,2025-02-16
828,Jeans,ORD572,2,90,50,2025-02-19
829,Jeans,ORD575,3,90,50,2025-02-10
830,Jeans,ORD576,3,90,50,2025-02-02
831,Jeans,ORD579,1,90,50,2025-02-15
832,Jeans,ORD582,3,90,50,2025-02-02
833,Jeans,ORD583,3,90,50,2025-02-02
834,Jeans,ORD585,1,90,50,2025-02-22
835,Jeans,ORD587,2,90,50,2025-02-16
836,Jeans,ORD588,1,90,50,2025-02-01
837,Jeans,ORD590,2,90,50,2025-02-18
838,Jeans,ORD595,3,90,50,2025-02-22
839,Jeans,ORD596,1,90,50,2025-02-03
840,Jeans,ORD597,1,90,50,2025-02-05
841,Jeans,ORD601,2,90,50,2025-02-12
842,Jeans,ORD602,2,90,50,2025-02-05
843,Jeans,ORD605,1,90,50,2025-02-16
844,Jeans,ORD607,2,90,50,2025-02-26
845,Jeans,ORD608,2,90,50,2025-02-26
846,Jeans,ORD609,3,90,50,2025-02-05
847,Jeans,ORD610,3,90,50,2025-02-08
848,Jeans,ORD611,2,90,50,2025-02-04
849,Jeans,ORD614,3,90,50,2025-02-05
850,Jeans,ORD616,3,90,50,2025-02-26
851,Jeans,ORD617,2,90,50,2025-02-04
852,Jeans,ORD618,2,90,50,2025-02-12
853,Jeans,ORD619,1,90,50,2025-02-06
854,Jeans,ORD621,3,90,50,2025-02-19
855,Jeans,ORD622,3,90,50,2025-02-15
856,Jeans,ORD623,2,90,50,2025-02-06
857,Jeans,ORD626,1,90,50,2025-02-11
858,Jeans,ORD627,3,90,50,2025-02-13
859,Jeans,ORD629,2,90,50,2025-02-12
860,Jeans,ORD630,2,90,50,2025-02-20
861,Jeans,ORD631,1,90,50,2025-02-01
862,Jeans,ORD633,2,90,50,2025-02-01
863,Jeans,ORD634,1,90,50,2025-02-26
864,Jeans,ORD635,1,90,50,2025-02-26
865,Jeans,ORD637,1,90,50,2025-02-20
866,Jeans,ORD639,3,90,50,2025-02-12
867,Jeans,ORD640,3,90,50,2025-02-11
868,Jeans,ORD642,2,90,50,2025-02-19
869,Jeans,ORD646,3,90,50,2025-02-16
870,Jeans,ORD651,2,90,50,2025-02-22
871,Jeans,ORD653,3,90,50,2025-02-05
872,Jeans,ORD655,1,90,50,2025-02-17
873,Jeans,ORD657,1,90,50,2025-02-07
874,Jeans,ORD661,1,90,50,2025-02-13
875,Jeans,ORD663,2,90,50,2025-02-27
876,Jeans,ORD664,1,90,50,2025-02-14
877,Jeans,ORD666,2,90,50,2025-02-17
878,Jeans,ORD667,3,90,50,2025-02-18
879,Jeans,ORD671,1,90,50,2025-02-16
880,Jeans,ORD673,2,90,50,2025-02-20
881,Jeans,ORD674,1,90,50,2025-02-06
882,Jeans,ORD677,3,90,50,2025-02-01
883,Jeans,ORD679,3,90,50,2025-02-25
884,Jeans,ORD680,2,90,50,2025-02-11
885,Jeans,ORD681,3,90,50,2025-02-26
886,Jeans,ORD682,2,90,50,2025-02-06
887,Jeans,ORD685,1,90,50,2025-02-27
888,Jeans,ORD687,2,90,50,2025-02-02
889,Jeans,ORD688,3,90,50,2025-02-28
890,Jeans,ORD692,3,90,50,2025-02-24
891,Jeans,ORD695,1,90,50,2025-02-14
892,Jeans,ORD697,3,90,50,2025-02-22
893,Jeans,ORD698,2,90,50,2025-02-04
894,Jeans,ORD699,1,90,50,2025-02-01
895,Jeans,ORD702,1,90,50,2025-02-28
896,Jeans,ORD704,3,90,50,2025-02-15
897,Jeans,ORD705,3,90,50,2025-02-20
898,Jeans,ORD709,3,90,50,2025-02-11
899,Jeans,ORD711,3,90,50,2025-02-04
900,Jeans,ORD714,1,90,50,2025-02-04
901,Jeans,ORD716,3,90,50,2025-02-24
902,Jeans,ORD717,2,90,50,2025-02-27
903,Jeans,ORD718,1,90,50,2025-02-14
904,Jeans,ORD719,2,90,50,2025-02-19
905,Jeans,ORD722,1,90,50,2025-02-09
906,Jeans,ORD723,2,90,50,2025-02-23
907,Jeans,ORD724,3,90,50,2025-02-25
908,Jeans,ORD725,2,90,50,2025-02-20
909,Jeans,ORD726,1,90,50,2025-02-25
910,Jeans,ORD730,1,90,50,2025-02-20
911,Jeans,ORD731,2,90,50,2025-02-01
912,Jeans,ORD733,2,90,50,2025-02-06
913,Jeans,ORD735,1,90,50,2025-02-13
914,Jeans,ORD737,2,90,50,2025-02-08
915,Jeans,ORD740,1,90,50,2025-02-04
916,Jeans,ORD741,1,90,50,2025-02-08
917,Jeans,ORD742,1,90,50,2025-02-07
918,Jeans,ORD744,1,90,50,2025-02-13
919,Jeans,ORD745,2,90,50,2025-02-21
920,Jeans,ORD746,3,90,50,2025-02-21
921,Jeans,ORD750,3,90,50,2025-02-25
922,Jeans,ORD751,2,90,50,2025-02-23
923,Jeans,ORD753,3,90,50,2025-02-12
924,Jeans,ORD756,2,90,50,2025-02-18
925,Jeans,ORD757,3,90,50,2025-02-23
926,Jeans,ORD758,2,90,50,2025-02-26
927,Jeans,ORD760,2,90,50,2025-02-19
928,Jeans,ORD762,2,90,50,2025-02-18
929,Jeans,ORD763,3,90,50,2025-02-19
930,Jeans,ORD765,3,90,50,2025-02-14
931,Jeans,ORD766,1,90,50,2025-02-04
932,Jeans,ORD767,3,90,50,2025-02-18
933,Jeans,ORD772,1,90,50,2025-02-05
934,Jeans,ORD773,1,90,50,2025-02-28
935,Jeans,ORD774,2,90,50,2025-02-06
936,Jeans,ORD783,2,90,50,2025-02-03
937,Jeans,ORD787,2,90,50,2025-02-06
938,Jeans,ORD788,3,90,50,2025-02-11
939,Jeans,ORD789,1,90,50,2025-02-25
940,Jeans,ORD790,2,90,50,2025-02-15
941,Jeans,ORD791,2,90,50,2025-02-08
942,Jeans,ORD793,2,90,50,2025-02-20
943,Jeans,ORD796,1,90,50,2025-02-25
944,Jeans,ORD801,3,90,50,2025-02-23
945,Jeans,ORD804,1,90,50,2025-02-17
946,Jeans,ORD805,2,90,50,2025-02-26
947,Jeans,ORD806,1,90,50,2025-02-03
948,Jeans,ORD808,1,90,50,2025-02-14
949,Jeans,ORD809,1,90,50,2025-02-20
950,Jeans,ORD810,1,90,50,2025-02-17
951,Jeans,ORD815,3,90,50,2025-02-20
952,Jeans,ORD817,3,90,50,2025-02-03
953,Jeans,ORD818,1,90,50,2025-02-22
954,Jeans,ORD819,1,90,50,2025-02-02
955,Jeans,ORD820,3,90,50,2025-02-27
956,Jeans,ORD823,1,90,50,2025-02-15
957,Jeans,ORD824,1,90,50,2025-02-19
958,Jeans,ORD826,3,90,50,2025-02-27
959,Jeans,ORD827,2,90,50,2025-02-17
960,Jeans,ORD829,2,90,50,2025-02-11
961,Jeans,ORD831,2,90,50,2025-02-15
962,Jeans,ORD833,3,90,50,2025-02-16
963,Jeans,ORD834,3,90,50,2025-02-19
964,Jeans,ORD835,2,90,50,2025-02-14
965,Jeans,ORD837,3,90,50,2025-02-05
966,Jeans,ORD838,2,90,50,2025-02-26
967,Jeans,ORD843,1,90,50,2025-02-21
968,Jeans,ORD845,1,90,50,2025-02-02
969,Jeans,ORD851,3,90,50,2025-02-19
970,Jeans,ORD853,3,90,50,2025-02-07
971,Jeans,ORD855,1,90,50,2025-02-12
972,Jeans,ORD859,2,90,50,2025-02-28
973,Jeans,ORD860,1,90,50,2025-02-12
974,Jeans,ORD861,3,90,50,2025-02-20
975,Jeans,ORD862,2,90,50,2025-02-25
976,Jeans,ORD865,3,90,50,2025-02-19
977,Jeans,ORD866,1,90,50,2025-02-10
978,Jeans,ORD868,3,90,50,2025-02-07
979,Jeans,ORD869,2,90,50,2025-02-17
980,Jeans,ORD871,1,90,50,2025-02-24
981,Jeans,ORD872,3,90,50,2025-02-16
982,Jeans,ORD873,2,90,50,2025-02-25
983,Jeans,ORD875,2,90,50,2025-02-20
984,Jeans,ORD877,1,90,50,2025-02-06
985,Jeans,ORD878,3,90,50,2025-02-15
986,Jeans,ORD879,3,90,50,2025-02-06
987,Jeans,ORD880,2,90,50,2025-02-18
988,Jeans,ORD881,3,90,50,2025-02-07
989,Jeans,ORD886,1,90,50,2025-02-22
990,Jeans,ORD887,2,90,50,2025-02-14
991,Jeans,ORD891,1,90,50,2025-02-25
992,Jeans,ORD893,1,90,50,2025-02-15
993,Jeans,ORD897,2,90,50,2025-02-06
994,Jeans,ORD901,3,90,50,2025-02-03
995,Jeans,ORD904,1,90,50,2025-02-17
996,Jeans,ORD908,2,90,50,2025-02-23
997,Jeans,ORD909,2,90,50,2025-02-23
998,Jeans,ORD911,3,90,50,2025-02-18
999,Jeans,ORD913,1,90,50,2025-02-25
1000,Jeans,ORD916,3,90,50,2025-02-27
1001,Jeans,ORD917,1,90,50,2025-02-14
1002,Jeans,ORD923,3,90,50,2025-02-25
1003,Jeans,ORD927,3,90,50,2025-02-16
1004,Jeans,ORD928,2,90,50,2025-02-09
1005,Jeans,ORD930,3,90,50,2025-02-27
1006,Jeans,ORD931,2,90,50,2025-02-23
1007,Jeans,ORD933,2,90,50,2025-02-25
1008,Jeans,ORD934,3,90,50,2025-02-24
1009,Jeans,ORD935,2,90,50,2025-02-27
1010,Jeans,ORD937,2,90,50,2025-02-17
1011,Jeans,ORD938,3,90,50,2025-02-25
1012,Jeans,ORD944,2,90,50,2025-02-09
1013,Jeans,ORD945,2,90,50,2025-02-23
1014,Jeans,ORD946,1,90,50,2025-02-04
1015,Jeans,ORD947,3,90,50,2025-02-23
1016,Jeans,ORD948,1,90,50,2025-02-12
1017,Jeans,ORD949,3,90,50,2025-02-03
1018,Jeans,ORD951,3,90,50,2025-02-07
1019,Jeans,ORD952,3,90,50,2025-02-05
1020,Jeans,ORD953,3,90,50,2025-02-21
1021,Jeans,ORD957,1,90,50,2025-02-27
1022,Jeans,ORD960,3,90,50,2025-02-20
1023,Jeans,ORD963,2,90,50,2025-02-16
1024,Jeans,ORD966,3,90,50,2025-02-21
1025,Jeans,ORD967,3,90,50,2025-02-02
1026,Jeans,ORD968,3,90,50,2025-02-08
1027,Jeans,ORD970,1,90,50,2025-02-19
1028,Jeans,ORD971,2,90,50,2025-02-04
1029,Jeans,ORD975,3,90,50,2025-02-22
1030,Jeans,ORD976,1,90,50,2025-02-20
1031,Jeans,ORD978,1,90,50,2025-02-11
1032,Jeans,ORD979,1,90,50,2025-02-21
1033,Jeans,ORD980,1,90,50,2025-02-10
1034,Jeans,ORD981,3,90,50,2025-02-06
1035,Jeans,ORD982,2,90,50,2025-02-15
1036,Jeans,ORD984,3,90,50,2025-02-17
1037,Jeans,ORD985,2,90,50,2025-02-02
1038,Jeans,ORD986,1,90,50,2025-02-12
1039,Jeans,ORD987,3,90,50,2025-02-06
1040,Jeans,ORD991,2,90,50,2025-02-07
1041,Jeans,ORD993,2,90,50,2025-02-09
1042,Jeans,ORD994,2,90,50,2025-02-19
1043,Jeans,ORD995,2,90,50,2025-02-04
1044,Jeans,ORD999,3,90,50,2025-02-18
1045,Jacket,ORD1,2,120,40,2025-02-23
1046,Jacket,ORD2,1,120,40,2025-02-01
1047,Jacket,ORD7,1,120,40,2025-02-13
1048,Jacket,ORD8,1,120,40,2025-02-28
1049,Jacket,ORD9,3,120,40,2025-02-26
1050,Jacket,ORD10,2,120,40,2025-02-07
1051,Jacket,ORD11,2,120,40,2025-02-02
1052,Jacket,ORD17,2,120,40,2025-02-17
1053,Jacket,ORD18,2,120,40,2025-02-27
1054,Jacket,ORD25,3,120,40,2025-02-12
1055,Jacket,ORD26,3,120,40,2025-02-18
1056,Jacket,ORD29,2,120,40,2025-02-03
1057,Jacket,ORD30,3,120,40,2025-02-16
1058,Jacket,ORD31,2,120,40,2025-02-06
1059,Jacket,ORD33,1,120,40,2025-02-01
1060,Jacket,ORD36,3,120,40,2025-02-15
1061,Jacket,ORD37,1,120,40,2025-02-21
1062,Jacket,ORD38,1,120,40,2025-02-28
1063,Jacket,ORD40,2,120,40,2025-02-07
1064,Jacket,ORD41,3,120,40,2025-02-02
1065,Jacket,ORD47,1,120,40,2025-02-17
1066,Jacket,ORD48,3,120,40,2025-02-02
1067,Jacket,ORD52,3,120,40,2025-02-03
1068,Jacket,ORD53,1,120,40,2025-02-26
1069,Jacket,ORD54,1,120,40,2025-02-23
1070,Jacket,ORD57,2,120,40,2025-02-21
1071,Jacket,ORD60,2,120,40,2025-02-17
1072,Jacket,ORD61,3,120,40,2025-02-15
1073,Jacket,ORD64,3,120,40,2025-02-25
1074,Jacket,ORD66,3,120,40,2025-02-18
1075,Jacket,ORD67,2,120,40,2025-02-06
1076,Jacket,ORD71,1,120,40,2025-02-18
1077,Jacket,ORD75,1,120,40,2025-02-26
1078,Jacket,ORD77,2,120,40,2025-02-24
1079,Jacket,ORD79,3,120,40,2025-02-01
1080,Jacket,ORD81,2,120,40,2025-02-07
1081,Jacket,ORD82,3,120,40,2025-02-13
1082,Jacket,ORD83,2,120,40,2025-02-11
1083,Jacket,ORD86,2,120,40,2025-02-22
1084,Jacket,ORD87,1,120,40,2025-02-27
1085,Jacket,ORD88,3,120,40,2025-02-21
1086,Jacket,ORD89,1,120,40,2025-02-12
1087,Jacket,ORD92,2,120,40,2025-02-27
1088,Jacket,ORD94,2,120,40,2025-02-25
1089,Jacket,ORD96,2,120,40,2025-02-04
1090,Jacket,ORD97,2,120,40,2025-02-24
1091,Jacket,ORD98,1,120,40,2025-02-03
1092,Jacket,ORD99,1,120,40,2025-02-25
1093,Jacket,ORD102,3,120,40,2025-02-04
1094,Jacket,ORD103,1,120,40,2025-02-04
1095,Jacket,ORD105,2,120,40,2025-02-16
1096,Jacket,ORD106,1,120,40,2025-02-08
1097,Jacket,ORD108,3,120,40,2025-02-09
1098,Jacket,ORD109,3,120,40,2025-02-21
1099,Jacket,ORD110,2,120,40,2025-02-11
1100,Jacket,ORD113,3,120,40,2025-02-23
1101,Jacket,ORD114,1,120,40,2025-02-19
1102,Jacket,ORD118,1,120,40,2025-02-03
1103,Jacket,ORD120,1,120,40,2025-02-17
1104,Jacket,ORD121,3,120,40,2025-02-17
1105,Jacket,ORD122,2,120,40,2025-02-04
1106,Jacket,ORD123,2,120,40,2025-02-07
1107,Jacket,ORD124,1,120,40,2025-02-24
1108,Jacket,ORD126,1,120,40,2025-02-23
1109,Jacket,ORD127,2,120,40,2025-02-01
1110,Jacket,ORD128,2,120,40,2025-02-19
1111,Jacket,ORD129,2,120,40,2025-02-06
1112,Jacket,ORD130,3,120,40,2025-02-01
1113,Jacket,ORD135,2,120,40,2025-02-17
1114,Jacket,ORD136,1,120,40,2025-02-19
1115,Jacket,ORD137,2,120,40,2025-02-11
1116,Jacket,ORD139,2,120,40,2025-02-04
1117,Jacket,ORD140,2,120,40,2025-02-13
1118,Jacket,ORD144,3,120,40,2025-02-10
1119,Jacket,ORD146,3,120,40,2025-02-05
1120,Jacket,ORD147,1,120,40,2025-02-15
1121,Jacket,ORD149,2,120,40,2025-02-13
1122,Jacket,ORD150,2,120,40,2025-02-21
1123,Jacket,ORD151,3,120,40,2025-02-20
1124,Jacket,ORD152,2,120,40,2025-02-12
1125,Jacket,ORD153,2,120,40,2025-02-17
1126,Jacket,ORD156,1,120,40,2025-02-25
1127,Jacket,ORD157,1,120,40,2025-02-05
1128,Jacket,ORD160,2,120,40,2025-02-11
1129,Jacket,ORD163,1,120,40,2025-02-16
1130,Jacket,ORD165,1,120,40,2025-02-22
1131,Jacket,ORD166,2,120,40,2025-02-07
1132,Jacket,ORD169,3,120,40,2025-02-26
1133,Jacket,ORD176,3,120,40,2025-02-05
1134,Jacket,ORD178,1,120,40,2025-02-16
1135,Jacket,ORD181,1,120,40,2025-02-13
1136,Jacket,ORD182,1,120,40,2025-02-13
1137,Jacket,ORD183,2,120,40,2025-02-23
1138,Jacket,ORD186,3,120,40,2025-02-16
1139,Jacket,ORD187,2,120,40,2025-02-28
1140,Jacket,ORD189,2,120,40,2025-02-01
1141,Jacket,ORD190,1,120,40,2025-02-02
1142,Jacket,ORD195,2,120,40,2025-02-27
1143,Jacket,ORD196,2,120,40,2025-02-11
1144,Jacket,ORD199,1,120,40,2025-02-17
1145,Jacket,ORD201,2,120,40,2025-02-25
1146,Jacket,ORD204,3,120,40,2025-02-19
1147,Jacket,ORD205,1,120,40,2025-02-19
1148,Jacket,ORD209,3,120,40,2025-02-25
1149,Jacket,ORD211,1,120,40,2025-02-22
1150,Jacket,ORD214,3,120,40,2025-02-05
1151,Jacket,ORD217,2,120,40,2025-02-20
1152,Jacket,ORD218,1,120,40,2025-02-26
1153,Jacket,ORD220,3,120,40,2025-02-25
1154,Jacket,ORD222,2,120,40,2025-02-17
1155,Jacket,ORD226,2,120,40,2025-02-24
1156,Jacket,ORD228,3,120,40,2025-02-13
1157,Jacket,ORD236,2,120,40,2025-02-21
1158,Jacket,ORD237,3,120,40,2025-02-10
1159,Jacket,ORD239,2,120,40,2025-02-25
1160,Jacket,ORD243,1,120,40,2025-02-02
1161,Jacket,ORD253,3,120,40,2025-02-06
1162,Jacket,ORD255,1,120,40,2025-02-15
1163,Jacket,ORD256,2,120,40,2025-02-23
1164,Jacket,ORD257,3,120,40,2025-02-25
1165,Jacket,ORD258,1,120,40,2025-02-18
1166,Jacket,ORD260,2,120,40,2025-02-13
1167,Jacket,ORD261,2,120,40,2025-02-09
1168,Jacket,ORD262,1,120,40,2025-02-04
1169,Jacket,ORD263,2,120,40,2025-02-19
1170,Jacket,ORD265,3,120,40,2025-02-28
1171,Jacket,ORD266,3,120,40,2025-02-15
1172,Jacket,ORD267,2,120,40,2025-02-23
1173,Jacket,ORD268,1,120,40,2025-02-10
1174,Jacket,ORD271,3,120,40,2025-02-04
1175,Jacket,ORD272,3,120,40,2025-02-18
1176,Jacket,ORD274,2,120,40,2025-02-01
1177,Jacket,ORD275,3,120,40,2025-02-11
1178,Jacket,ORD276,2,120,40,2025-02-04
1179,Jacket,ORD280,1,120,40,2025-02-06
1180,Jacket,ORD283,3,120,40,2025-02-23
1181,Jacket,ORD285,3,120,40,2025-02-02
1182,Jacket,ORD286,3,120,40,2025-02-19
1183,Jacket,ORD287,3,120,40,2025-02-23
1184,Jacket,ORD289,2,120,40,2025-02-21
1185,Jacket,ORD290,2,120,40,2025-02-02
1186,Jacket,ORD291,3,120,40,2025-02-10
1187,Jacket,ORD296,1,120,40,2025-02-17
1188,Jacket,ORD300,3,120,40,2025-02-04
1189,Jacket,ORD301,1,120,40,2025-02-06
1190,Jacket,ORD303,1,120,40,2025-02-01
1191,Jacket,ORD305,3,120,40,2025-02-26
1192,Jacket,ORD306,1,120,40,2025-02-22
1193,Jacket,ORD308,3,120,40,2025-02-13
1194,Jacket,ORD309,2,120,40,2025-02-01
1195,Jacket,ORD310,1,120,40,2025-02-14
1196,Jacket,ORD313,2,120,40,2025-02-10
1197,Jacket,ORD314,3,120,40,2025-02-22
1198,Jacket,ORD315,2,120,40,2025-02-23
1199,Jacket,ORD316,3,120,40,2025-02-12
1200,Jacket,ORD317,2,120,40,2025-02-05
1201,Jacket,ORD318,2,120,40,2025-02-13
1202,Jacket,ORD320,1,120,40,2025-02-28
1203,Jacket,ORD321,1,120,40,2025-02-14
1204,Jacket,ORD322,1,120,40,2025-02-01
1205,Jacket,ORD324,3,120,40,2025-02-13
1206,Jacket,ORD325,1,120,40,2025-02-19
1207,Jacket,ORD326,3,120,40,2025-02-07
1208,Jacket,ORD327,2,120,40,2025-02-11
1209,Jacket,ORD331,2,120,40,2025-02-03
1210,Jacket,ORD334,1,120,40,2025-02-27
1211,Jacket,ORD336,3,120,40,2025-02-11
1212,Jacket,ORD338,3,120,40,2025-02-05
1213,Jacket,ORD341,3,120,40,2025-02-01
1214,Jacket,ORD342,3,120,40,2025-02-02
1215,Jacket,ORD343,1,120,40,2025-02-23
1216,Jacket,ORD346,1,120,40,2025-02-26
1217,Jacket,ORD352,2,120,40,2025-02-09
1218,Jacket,ORD354,2,120,40,2025-02-21
1219,Jacket,ORD356,3,120,40,2025-02-08
1220,Jacket,ORD361,2,120,40,2025-02-02
1221,Jacket,ORD362,1,120,40,2025-02-20
1222,Jacket,ORD363,1,120,40,2025-02-15
1223,Jacket,ORD364,2,120,40,2025-02-11
1224,Jacket,ORD365,2,120,40,2025-02-08
1225,Jacket,ORD366,1,120,40,2025-02-03
1226,Jacket,ORD367,1,120,40,2025-02-06
1227,Jacket,ORD368,3,120,40,2025-02-01
1228,Jacket,ORD370,1,120,40,2025-02-07
1229,Jacket,ORD372,2,120,40,2025-02-11
1230,Jacket,ORD375,3,120,40,2025-02-22
1231,Jacket,ORD377,1,120,40,2025-02-27
1232,Jacket,ORD381,3,120,40,2025-02-28
1233,Jacket,ORD382,1,120,40,2025-02-17
1234,Jacket,ORD383,2,120,40,2025-02-24
1235,Jacket,ORD387,1,120,40,2025-02-11
1236,Jacket,ORD389,1,120,40,2025-02-25
1237,Jacket,ORD391,1,120,40,2025-02-09
1238,Jacket,ORD392,2,120,40,2025-02-12
1239,Jacket,ORD394,3,120,40,2025-02-21
1240,Jacket,ORD395,2,120,40,2025-02-03
1241,Jacket,ORD397,3,120,40,2025-02-17
1242,Jacket,ORD400,1,120,40,2025-02-18
1243,Jacket,ORD402,3,120,40,2025-02-07
1244,Jacket,ORD403,2,120,40,2025-02-10
1245,Jacket,ORD404,3,120,40,2025-02-25
1246,Jacket,ORD406,2,120,40,2025-02-09
1247,Jacket,ORD409,3,120,40,2025-02-06
1248,Jacket,ORD411,3,120,40,2025-02-16
1249,Jacket,ORD412,1,120,40,2025-02-26
1250,Jacket,ORD413,2,120,40,2025-02-22
1251,Jacket,ORD414,1,120,40,2025-02-21
1252,Jacket,ORD415,2,120,40,2025-02-28
1253,Jacket,ORD420,2,120,40,2025-02-21
1254,Jacket,ORD423,1,120,40,2025-02-13
1255,Jacket,ORD424,1,120,40,2025-02-13
1256,Jacket,ORD425,1,120,40,2025-02-15
1257,Jacket,ORD426,2,120,40,2025-02-19
1258,Jacket,ORD428,3,120,40,2025-02-26
1259,Jacket,ORD429,2,120,40,2025-02-14
1260,Jacket,ORD431,3,120,40,2025-02-18
1261,Jacket,ORD435,3,120,40,2025-02-19
1262,Jacket,ORD437,1,120,40,2025-02-23
1263,Jacket,ORD438,2,120,40,2025-02-12
1264,Jacket,ORD439,2,120,40,2025-02-23
1265,Jacket,ORD440,1,120,40,2025-02-23
1266,Jacket,ORD443,1,120,40,2025-02-18
1267,Jacket,ORD444,2,120,40,2025-02-11
1268,Jacket,ORD446,3,120,40,2025-02-13
1269,Jacket,ORD447,1,120,40,2025-02-25
1270,Jacket,ORD448,1,120,40,2025-02-20
1271,Jacket,ORD451,3,120,40,2025-02-26
1272,Jacket,ORD452,2,120,40,2025-02-16
1273,Jacket,ORD453,1,120,40,2025-02-20
1274,Jacket,ORD454,3,120,40,2025-02-05
1275,Jacket,ORD455,3,120,40,2025-02-25
1276,Jacket,ORD457,3,120,40,2025-02-10
1277,Jacket,ORD458,1,120,40,2025-02-09
1278,Jacket,ORD460,3,120,40,2025-02-23
1279,Jacket,ORD464,2,120,40,2025-02-16
1280,Jacket,ORD465,3,120,40,2025-02-25
1281,Jacket,ORD467,1,120,40,2025-02-15
1282,Jacket,ORD469,3,120,40,2025-02-17
1283,Jacket,ORD470,1,120,40,2025-02-21
1284,Jacket,ORD471,3,120,40,2025-02-15
1285,Jacket,ORD472,1,120,40,2025-02-22
1286,Jacket,ORD473,1,120,40,2025-02-08
1287,Jacket,ORD474,2,120,40,2025-02-28
1288,Jacket,ORD478,1,120,40,2025-02-23
1289,Jacket,ORD482,3,120,40,2025-02-25
1290,Jacket,ORD485,1,120,40,2025-02-13
1291,Jacket,ORD486,1,120,40,2025-02-09
1292,Jacket,ORD487,1,120,40,2025-02-07
1293,Jacket,ORD489,2,120,40,2025-02-21
1294,Jacket,ORD491,3,120,40,2025-02-10
1295,Jacket,ORD492,1,120,40,2025-02-15
1296,Jacket,ORD499,1,120,40,2025-02-06
1297,Jacket,ORD502,1,120,40,2025-02-05
1298,Jacket,ORD504,1,120,40,2025-02-22
1299,Jacket,ORD505,2,120,40,2025-02-16
1300,Jacket,ORD508,1,120,40,2025-02-20
1301,Jacket,ORD509,2,120,40,2025-02-25
1302,Jacket,ORD513,2,120,40,2025-02-09
1303,Jacket,ORD515,2,120,40,2025-02-17
1304,Jacket,ORD516,1,120,40,2025-02-11
1305,Jacket,ORD518,3,120,40,2025-02-18
1306,Jacket,ORD521,1,120,40,2025-02-16
1307,Jacket,ORD523,3,120,40,2025-02-24
1308,Jacket,ORD524,3,120,40,2025-02-20
1309,Jacket,ORD525,3,120,40,2025-02-21
1310,Jacket,ORD526,1,120,40,2025-02-05
1311,Jacket,ORD527,3,120,40,2025-02-08
1312,Jacket,ORD530,1,120,40,2025-02-08
1313,Jacket,ORD532,2,120,40,2025-02-17
1314,Jacket,ORD537,2,120,40,2025-02-18
1315,Jacket,ORD538,2,120,40,2025-02-14
1316,Jacket,ORD540,2,120,40,2025-02-10
1317,Jacket,ORD542,3,120,40,2025-02-26
1318,Jacket,ORD543,2,120,40,2025-02-13
1319,Jacket,ORD544,2,120,40,2025-02-25
1320,Jacket,ORD545,1,120,40,2025-02-17
1321,Jacket,ORD546,3,120,40,2025-02-07
1322,Jacket,ORD549,2,120,40,2025-02-19
1323,Jacket,ORD551,3,120,40,2025-02-11
1324,Jacket,ORD555,1,120,40,2025-02-07
1325,Jacket,ORD557,3,120,40,2025-02-02
1326,Jacket,ORD558,3,120,40,2025-02-24
1327,Jacket,ORD563,3,120,40,2025-02-13
1328,Jacket,ORD565,3,120,40,2025-02-06
1329,Jacket,ORD566,3,120,40,2025-02-20
1330,Jacket,ORD567,3,120,40,2025-02-15
1331,Jacket,ORD571,1,120,40,2025-02-16
1332,Jacket,ORD572,1,120,40,2025-02-19
1333,Jacket,ORD575,2,120,40,2025-02-10
1334,Jacket,ORD576,3,120,40,2025-02-02
1335,Jacket,ORD577,1,120,40,2025-02-06
1336,Jacket,ORD578,3,120,40,2025-02-08
1337,Jacket,ORD581,2,120,40,2025-02-07
1338,Jacket,ORD583,1,120,40,2025-02-02
1339,Jacket,ORD586,1,120,40,2025-02-15
1340,Jacket,ORD588,2,120,40,2025-02-01
1341,Jacket,ORD591,1,120,40,2025-02-09
1342,Jacket,ORD592,2,120,40,2025-02-06
1343,Jacket,ORD593,2,120,40,2025-02-06
1344,Jacket,ORD596,1,120,40,2025-02-03
1345,Jacket,ORD597,1,120,40,2025-02-05
1346,Jacket,ORD598,3,120,40,2025-02-10
1347,Jacket,ORD600,3,120,40,2025-02-20
1348,Jacket,ORD602,1,120,40,2025-02-05
1349,Jacket,ORD603,1,120,40,2025-02-19
1350,Jacket,ORD604,3,120,40,2025-02-12
1351,Jacket,ORD605,2,120,40,2025-02-16
1352,Jacket,ORD606,2,120,40,2025-02-06
1353,Jacket,ORD610,3,120,40,2025-02-08
1354,Jacket,ORD611,1,120,40,2025-02-04
1355,Jacket,ORD612,2,120,40,2025-02-02
1356,Jacket,ORD614,1,120,40,2025-02-05
1357,Jacket,ORD615,3,120,40,2025-02-03
1358,Jacket,ORD620,1,120,40,2025-02-13
1359,Jacket,ORD622,1,120,40,2025-02-15
1360,Jacket,ORD626,1,120,40,2025-02-11
1361,Jacket,ORD628,3,120,40,2025-02-25
1362,Jacket,ORD629,1,120,40,2025-02-12
1363,Jacket,ORD630,3,120,40,2025-02-20
1364,Jacket,ORD631,1,120,40,2025-02-01
1365,Jacket,ORD632,2,120,40,2025-02-22
1366,Jacket,ORD633,2,120,40,2025-02-01
1367,Jacket,ORD634,2,120,40,2025-02-26
1368,Jacket,ORD639,2,120,40,2025-02-12
1369,Jacket,ORD640,2,120,40,2025-02-11
1370,Jacket,ORD641,1,120,40,2025-02-15
1371,Jacket,ORD643,1,120,40,2025-02-27
1372,Jacket,ORD644,1,120,40,2025-02-28
1373,Jacket,ORD645,1,120,40,2025-02-13
1374,Jacket,ORD648,1,120,40,2025-02-11
1375,Jacket,ORD650,3,120,40,2025-02-20
1376,Jacket,ORD651,2,120,40,2025-02-22
1377,Jacket,ORD652,2,120,40,2025-02-04
1378,Jacket,ORD654,1,120,40,2025-02-17
1379,Jacket,ORD657,3,120,40,2025-02-07
1380,Jacket,ORD660,2,120,40,2025-02-25
1381,Jacket,ORD662,3,120,40,2025-02-11
1382,Jacket,ORD664,3,120,40,2025-02-14
1383,Jacket,ORD668,3,120,40,2025-02-21
1384,Jacket,ORD670,3,120,40,2025-02-20
1385,Jacket,ORD671,3,120,40,2025-02-16
1386,Jacket,ORD673,3,120,40,2025-02-20
1387,Jacket,ORD674,2,120,40,2025-02-06
1388,Jacket,ORD679,3,120,40,2025-02-25
1389,Jacket,ORD680,3,120,40,2025-02-11
1390,Jacket,ORD682,3,120,40,2025-02-06
1391,Jacket,ORD683,1,120,40,2025-02-03
1392,Jacket,ORD684,2,120,40,2025-02-19
1393,Jacket,ORD685,3,120,40,2025-02-27
1394,Jacket,ORD686,1,120,40,2025-02-14
1395,Jacket,ORD688,2,120,40,2025-02-28
1396,Jacket,ORD689,3,120,40,2025-02-07
1397,Jacket,ORD696,2,120,40,2025-02-16
1398,Jacket,ORD702,1,120,40,2025-02-28
1399,Jacket,ORD703,1,120,40,2025-02-13
1400,Jacket,ORD705,2,120,40,2025-02-20
1401,Jacket,ORD707,1,120,40,2025-02-17
1402,Jacket,ORD708,3,120,40,2025-02-12
1403,Jacket,ORD709,1,120,40,2025-02-11
1404,Jacket,ORD710,2,120,40,2025-02-08
1405,Jacket,ORD711,3,120,40,2025-02-04
1406,Jacket,ORD714,2,120,40,2025-02-04
1407,Jacket,ORD715,1,120,40,2025-02-23
1408,Jacket,ORD716,1,120,40,2025-02-24
1409,Jacket,ORD719,2,120,40,2025-02-19
1410,Jacket,ORD721,2,120,40,2025-02-22
1411,Jacket,ORD723,2,120,40,2025-02-23
1412,Jacket,ORD728,3,120,40,2025-02-05
1413,Jacket,ORD729,1,120,40,2025-02-03
1414,Jacket,ORD730,1,120,40,2025-02-20
1415,Jacket,ORD731,1,120,40,2025-02-01
1416,Jacket,ORD732,2,120,40,2025-02-12
1417,Jacket,ORD733,1,120,40,2025-02-06
1418,Jacket,ORD736,3,120,40,2025-02-17
1419,Jacket,ORD737,3,120,40,2025-02-08
1420,Jacket,ORD738,2,120,40,2025-02-27
1421,Jacket,ORD740,3,120,40,2025-02-04
1422,Jacket,ORD741,2,120,40,2025-02-08
1423,Jacket,ORD742,3,120,40,2025-02-07
1424,Jacket,ORD743,3,120,40,2025-02-17
1425,Jacket,ORD746,2,120,40,2025-02-21
1426,Jacket,ORD748,2,120,40,2025-02-18
1427,Jacket,ORD751,1,120,40,2025-02-23
1428,Jacket,ORD753,2,120,40,2025-02-12
1429,Jacket,ORD754,1,120,40,2025-02-11
1430,Jacket,ORD756,3,120,40,2025-02-18
1431,Jacket,ORD759,2,120,40,2025-02-12
1432,Jacket,ORD762,2,120,40,2025-02-18
1433,Jacket,ORD765,1,120,40,2025-02-14
1434,Jacket,ORD766,1,120,40,2025-02-04
1435,Jacket,ORD770,3,120,40,2025-02-19
1436,Jacket,ORD773,1,120,40,2025-02-28
1437,Jacket,ORD774,1,120,40,2025-02-06
1438,Jacket,ORD776,2,120,40,2025-02-14
1439,Jacket,ORD777,3,120,40,2025-02-16
1440,Jacket,ORD784,2,120,40,2025-02-28
1441,Jacket,ORD785,1,120,40,2025-02-24
1442,Jacket,ORD788,1,120,40,2025-02-11
1443,Jacket,ORD790,3,120,40,2025-02-15
1444,Jacket,ORD791,2,120,40,2025-02-08
1445,Jacket,ORD792,3,120,40,2025-02-27
1446,Jacket,ORD794,1,120,40,2025-02-20
1447,Jacket,ORD796,3,120,40,2025-02-25
1448,Jacket,ORD800,2,120,40,2025-02-20
1449,Jacket,ORD801,2,120,40,2025-02-23
1450,Jacket,ORD802,3,120,40,2025-02-15
1451,Jacket,ORD803,3,120,40,2025-02-16
1452,Jacket,ORD807,2,120,40,2025-02-14
1453,Jacket,ORD808,2,120,40,2025-02-14
1454,Jacket,ORD812,1,120,40,2025-02-21
1455,Jacket,ORD817,3,120,40,2025-02-03
1456,Jacket,ORD819,1,120,40,2025-02-02
1457,Jacket,ORD821,1,120,40,2025-02-20
1458,Jacket,ORD823,3,120,40,2025-02-15
1459,Jacket,ORD824,1,120,40,2025-02-19
1460,Jacket,ORD826,2,120,40,2025-02-27
1461,Jacket,ORD829,3,120,40,2025-02-11
1462,Jacket,ORD832,1,120,40,2025-02-23
1463,Jacket,ORD833,3,120,40,2025-02-16
1464,Jacket,ORD835,1,120,40,2025-02-14
1465,Jacket,ORD837,1,120,40,2025-02-05
1466,Jacket,ORD839,2,120,40,2025-02-05
1467,Jacket,ORD840,1,120,40,2025-02-25
1468,Jacket,ORD841,1,120,40,2025-02-19
1469,Jacket,ORD844,2,120,40,2025-02-16
1470,Jacket,ORD847,1,120,40,2025-02-27
1471,Jacket,ORD852,1,120,40,2025-02-04
1472,Jacket,ORD860,1,120,40,2025-02-12
1473,Jacket,ORD861,2,120,40,2025-02-20
1474,Jacket,ORD862,2,120,40,2025-02-25
1475,Jacket,ORD863,1,120,40,2025-02-21
1476,Jacket,ORD864,2,120,40,2025-02-21
1477,Jacket,ORD866,1,120,40,2025-02-10
1478,Jacket,ORD867,2,120,40,2025-02-07
1479,Jacket,ORD870,2,120,40,2025-02-27
1480,Jacket,ORD875,2,120,40,2025-02-20
1481,Jacket,ORD876,2,120,40,2025-02-28
1482,Jacket,ORD879,2,120,40,2025-02-06
1483,Jacket,ORD880,3,120,40,2025-02-18
1484,Jacket,ORD882,1,120,40,2025-02-27
1485,Jacket,ORD883,1,120,40,2025-02-26
1486,Jacket,ORD885,2,120,40,2025-02-14
1487,Jacket,ORD890,1,120,40,2025-02-18
1488,Jacket,ORD891,1,120,40,2025-02-25
1489,Jacket,ORD892,3,120,40,2025-02-26
1490,Jacket,ORD895,1,120,40,2025-02-16
1491,Jacket,ORD896,3,120,40,2025-02-19
1492,Jacket,ORD898,1,120,40,2025-02-13
1493,Jacket,ORD899,2,120,40,2025-02-11
1494,Jacket,ORD900,1,120,40,2025-02-13
1495,Jacket,ORD903,2,120,40,2025-02-22
1496,Jacket,ORD905,2,120,40,2025-02-21
1497,Jacket,ORD906,3,120,40,2025-02-03
1498,Jacket,ORD907,2,120,40,2025-02-05
1499,Jacket,ORD908,1,120,40,2025-02-23
1500,Jacket,ORD909,3,120,40,2025-02-23
1501,Jacket,ORD912,1,120,40,2025-02-11
1502,Jacket,ORD914,2,120,40,2025-02-11
1503,Jacket,ORD918,1,120,40,2025-02-25
1504,Jacket,ORD924,3,120,40,2025-02-17
1505,Jacket,ORD925,1,120,40,2025-02-23
1506,Jacket,ORD927,1,120,40,2025-02-16
1507,Jacket,ORD930,2,120,40,2025-02-27
1508,Jacket,ORD931,2,120,40,2025-02-23
1509,Jacket,ORD932,3,120,40,2025-02-15
1510,Jacket,ORD933,2,120,40,2025-02-25
1511,Jacket,ORD935,3,120,40,2025-02-27
1512,Jacket,ORD941,2,120,40,2025-02-16
1513,Jacket,ORD943,2,120,40,2025-02-15
1514,Jacket,ORD945,3,120,40,2025-02-23
1515,Jacket,ORD948,3,120,40,2025-02-12
1516,Jacket,ORD950,2,120,40,2025-02-03
1517,Jacket,ORD951,2,120,40,2025-02-07
1518,Jacket,ORD953,3,120,40,2025-02-21
1519,Jacket,ORD954,1,120,40,2025-02-17
1520,Jacket,ORD955,1,120,40,2025-02-04
1521,Jacket,ORD957,2,120,40,2025-02-27
1522,Jacket,ORD958,2,120,40,2025-02-24
1523,Jacket,ORD960,1,120,40,2025-02-20
1524,Jacket,ORD962,3,120,40,2025-02-14
1525,Jacket,ORD964,3,120,40,2025-02-09
1526,Jacket,ORD965,1,120,40,2025-02-05
1527,Jacket,ORD970,3,120,40,2025-02-19
1528,Jacket,ORD971,3,120,40,2025-02-04
1529,Jacket,ORD972,2,120,40,2025-02-25
1530,Jacket,ORD973,3,120,40,2025-02-16
1531,Jacket,ORD975,1,120,40,2025-02-22
1532,Jacket,ORD977,3,120,40,2025-02-28
1533,Jacket,ORD978,3,120,40,2025-02-11
1534,Jacket,ORD983,2,120,40,2025-02-10
1535,Jacket,ORD984,2,120,40,2025-02-17
1536,Jacket,ORD985,3,120,40,2025-02-02
1537,Jacket,ORD987,1,120,40,2025-02-06
1538,Jacket,ORD988,3,120,40,2025-02-18
1539,Jacket,ORD989,2,120,40,2025-02-01
1540,Jacket,ORD990,3,120,40,2025-02-27
1541,Jacket,ORD991,1,120,40,2025-02-07
1542,Jacket,ORD992,1,120,40,2025-02-24
1543,Jacket,ORD993,3,120,40,2025-02-09
1544,Jacket,ORD997,3,120,40,2025-02-01
1545,Jacket,ORD998,3,120,40,2025-02-01
